movie_id,audienceScore,tomatoMeter,popularity,vote_average,vote_count
1,80.0,93.0,8.424,7.6,136.0
2,95.0,83.0,1.018,6.5,2.0
3,93.0,91.0,12.619,0.0,0.0
4,68.0,97.0,6.595,7.8,287.0
6,67.0,91.0,11.607,6.4,290.0
7,82.0,99.0,15.222,7.2,1105.0
8,92.0,93.0,6.852,7.0,1.0
10,75.0,91.0,14.831,7.3,317.0
11,95.0,48.0,188.24,7.8,289.0
13,83.0,100.0,2.944,6.0,1.0
15,82.0,92.0,11.696,7.2,430.0
17,52.0,100.0,8.9,6.8,251.0
18,92.0,95.0,14.205,7.0,1068.0
20,95.0,100.0,2.68,6.6,5.0
21,65.0,95.0,6.595,6.7,205.0
22,66.0,91.0,14.389,7.1,1760.0
25,72.0,93.0,4.051,7.7,22.0
26,91.0,79.0,594.754,7.6,5879.0
28,58.0,93.0,6.08,6.1,115.0
29,68.0,96.0,2.752,0.0,0.0
32,72.0,93.0,4.607,0.0,0.0
34,58.0,97.0,3.784,7.2,10.0
35,95.0,71.0,0.6,0.0,0.0
37,96.0,77.0,21.644,7.5,1705.0
39,72.0,95.0,6.475,6.4,216.0
40,78.0,97.0,10.652,7.3,63.0
41,86.0,93.0,5.17,7.1,75.0
42,79.0,100.0,2.983,8.5,4.0
43,89.0,92.0,29.869,7.8,1446.0
44,95.0,71.0,5.053,7.3,31.0
45,57.0,91.0,5.639,6.3,5.0
46,64.0,95.0,4.194,7.4,7.0
47,78.0,97.0,5.087,7.9,12.0
48,93.0,97.0,5.777,7.0,31.0
49,68.0,92.0,11.466,6.3,208.0
51,92.0,42.0,56.694,7.1,1692.0
54,60.0,93.0,26.627,7.0,5425.0
55,67.0,97.0,12.27,6.6,585.0
56,92.0,98.0,4.306,8.5,7.0
58,51.0,98.0,0.6,0.0,0.0
61,81.0,91.0,28.81,7.9,13717.0
62,69.0,94.0,4.102,6.7,41.0
63,83.0,92.0,13.724,7.0,801.0
64,85.0,98.0,6.239,7.6,229.0
65,81.0,100.0,2.012,8.3,39.0
66,84.0,96.0,3.581,7.5,24.0
67,84.0,100.0,3.05,5.3,4.0
68,72.0,94.0,12.141,6.7,509.0
71,92.0,64.0,2.96,6.6,8.0
72,73.0,92.0,1.77,8.0,13.0
74,69.0,98.0,9.051,6.4,306.0
76,91.0,94.0,5.353,7.0,35.0
80,61.0,92.0,20.942,5.9,15.0
81,88.0,92.0,2.186,5.0,3.0
82,52.0,98.0,2.686,0.0,0.0
83,84.0,94.0,2.332,7.1,33.0
84,92.0,82.0,64.119,7.8,2091.0
85,75.0,93.0,4.124,6.8,13.0
86,86.0,100.0,4.15,7.9,15.0
88,80.0,100.0,3.629,7.5,6.0
90,86.0,96.0,10.401,7.1,56.0
91,75.0,92.0,5.879,7.9,82.0
96,75.0,91.0,11.511,6.7,2562.0
97,91.0,54.0,22.699,6.8,1396.0
98,95.0,85.0,19.567,6.2,414.0
103,76.0,96.0,7.224,7.4,167.0
104,100.0,90.0,31.067,0.0,0.0
108,69.0,98.0,59.278,6.8,22.0
109,75.0,94.0,4.486,7.0,23.0
110,58.0,94.0,3.789,5.4,6.0
111,92.0,51.0,13.154,7.0,316.0
113,86.0,94.0,12.695,7.3,340.0
115,54.0,92.0,2.476,7.2,10.0
116,98.0,80.0,2.204,6.0,1.0
117,65.0,92.0,2.982,6.5,34.0
121,50.0,91.0,2.269,6.8,5.0
123,90.0,100.0,2.72,9.0,1.0
124,93.0,33.0,8.943,5.1,5.0
125,75.0,100.0,2.59,7.6,26.0
126,80.0,96.0,10.035,7.0,243.0
129,86.0,100.0,6.054,7.2,40.0
130,94.0,42.0,9.65,7.2,162.0
133,91.0,42.0,1.801,4.0,5.0
135,79.0,93.0,2.635,7.8,21.0
136,95.0,41.0,15.953,0.0,0.0
137,93.0,97.0,9.933,7.9,84.0
138,67.0,100.0,3.456,5.3,7.0
139,67.0,100.0,2.193,0.0,0.0
141,86.0,100.0,3.634,7.8,22.0
143,39.0,93.0,26.413,6.2,151.0
144,92.0,61.0,56.338,7.2,7031.0
145,59.0,100.0,5.53,6.9,22.0
146,93.0,97.0,15.982,7.8,6832.0
147,92.0,60.0,0.6,0.0,0.0
149,91.0,97.0,13.649,7.7,1499.0
153,70.0,91.0,7.635,6.6,172.0
154,83.0,97.0,10.742,7.6,913.0
156,58.0,91.0,6.696,6.4,145.0
158,59.0,100.0,3.72,6.1,46.0
159,67.0,92.0,15.028,6.3,710.0
162,75.0,100.0,3.407,5.9,23.0
163,65.0,91.0,3.427,6.4,7.0
165,95.0,86.0,10.608,7.7,137.0
166,80.0,92.0,1.985,5.5,6.0
167,98.0,90.0,38.082,6.5,4.0
168,85.0,97.0,4.021,8.3,4.0
169,55.0,91.0,2.954,6.3,25.0
172,81.0,91.0,5.572,6.8,58.0
173,82.0,91.0,16.965,7.2,2013.0
174,81.0,92.0,9.076,7.5,1140.0
176,72.0,91.0,11.61,6.2,196.0
177,69.0,94.0,17.746,7.0,986.0
178,84.0,100.0,1.188,9.0,2.0
179,85.0,98.0,7.967,7.6,89.0
181,96.0,97.0,3.446,7.7,13.0
184,88.0,100.0,3.059,5.0,5.0
185,70.0,100.0,4.58,5.8,8.0
188,71.0,99.0,2.815,6.6,10.0
190,93.0,90.0,15.12,8.3,1152.0
191,47.0,95.0,2.284,6.1,23.0
192,62.0,94.0,2.456,7.2,28.0
193,73.0,93.0,18.315,7.0,730.0
194,86.0,94.0,41.578,6.9,6855.0
195,86.0,92.0,65.166,7.5,12509.0
196,76.0,93.0,19.383,7.1,2434.0
198,81.0,97.0,8.981,6.9,153.0
201,75.0,100.0,4.512,0.0,0.0
204,81.0,92.0,30.255,7.5,13403.0
205,51.0,96.0,1.937,7.3,4.0
207,71.0,100.0,6.339,7.1,49.0
208,62.0,99.0,4.108,6.6,37.0
209,66.0,94.0,3.014,5.9,7.0
214,50.0,93.0,3.959,4.9,21.0
217,97.0,93.0,11.004,6.1,8.0
219,60.0,96.0,4.75,5.7,113.0
220,79.0,93.0,91.351,7.3,11.0
221,80.0,99.0,6.879,7.0,290.0
222,84.0,92.0,10.441,7.2,178.0
225,86.0,92.0,7.047,6.3,6.0
228,76.0,91.0,3.349,6.4,11.0
232,81.0,94.0,8.498,7.7,111.0
233,77.0,96.0,6.404,6.3,62.0
237,72.0,92.0,4.574,0.0,0.0
238,57.0,97.0,3.326,7.4,29.0
239,96.0,97.0,0.945,0.0,0.0
240,75.0,92.0,23.479,6.8,404.0
241,89.0,99.0,8.048,7.7,291.0
242,50.0,97.0,3.005,7.5,2.0
243,91.0,100.0,6.697,7.4,47.0
245,76.0,93.0,4.978,7.1,39.0
246,88.0,93.0,2.734,0.0,0.0
247,97.0,94.0,324.327,8.1,4530.0
248,73.0,98.0,2.919,5.8,19.0
249,80.0,100.0,1.425,0.0,0.0
250,67.0,100.0,2.239,6.4,8.0
252,56.0,96.0,7.618,6.8,110.0
253,55.0,93.0,4.715,5.9,125.0
254,100.0,96.0,4.731,0.0,0.0
255,83.0,94.0,10.179,7.6,165.0
257,85.0,91.0,17.167,7.4,545.0
258,54.0,92.0,14.979,6.5,304.0
259,89.0,94.0,14.788,7.3,1859.0
260,73.0,95.0,12.863,6.6,593.0
261,92.0,95.0,14.673,7.9,1788.0
262,64.0,96.0,4.105,6.8,34.0
264,76.0,97.0,3.213,7.0,13.0
265,76.0,92.0,16.484,6.7,2691.0
266,83.0,96.0,70.673,7.4,10920.0
267,84.0,97.0,5.747,7.3,90.0
273,62.0,94.0,3.671,6.9,9.0
274,65.0,91.0,1.344,5.3,3.0
275,92.0,77.0,38.829,7.7,2094.0
277,93.0,97.0,24.869,7.3,152.0
278,95.0,96.0,15.12,8.7,197.0
286,86.0,98.0,1.715,0.0,0.0
287,72.0,95.0,19.879,6.2,44.0
288,60.0,95.0,0.894,10.0,1.0
290,92.0,57.0,4.518,5.0,49.0
291,89.0,96.0,17.413,7.3,224.0
293,92.0,61.0,113.911,0.0,0.0
294,93.0,95.0,143.608,8.4,2618.0
295,84.0,100.0,7.35,7.4,172.0
296,89.0,100.0,3.236,6.0,4.0
297,48.0,92.0,10.5,6.2,142.0
298,59.0,97.0,6.903,6.3,110.0
299,69.0,93.0,9.705,6.9,82.0
300,88.0,91.0,1.4,4.0,1.0
301,64.0,96.0,9.961,7.1,215.0
302,83.0,95.0,1.4,0.0,0.0
303,73.0,96.0,4.862,6.7,78.0
304,92.0,88.0,2.552,6.5,4.0
306,26.0,93.0,5.499,5.6,21.0
308,78.0,100.0,3.862,5.6,5.0
309,96.0,96.0,6.099,7.2,21.0
311,60.0,96.0,2.383,6.1,10.0
312,74.0,99.0,5.245,0.0,0.0
313,94.0,94.0,23.287,7.4,360.0
316,76.0,93.0,15.467,7.4,107.0
318,81.0,96.0,3.774,7.4,15.0
320,89.0,94.0,7.625,8.0,206.0
322,86.0,94.0,3.98,7.1,23.0
323,91.0,88.0,34.597,7.8,2978.0
325,76.0,97.0,16.355,6.8,567.0
326,63.0,94.0,14.062,6.7,132.0
332,100.0,95.0,3.169,7.2,5.0
333,94.0,63.0,20.53,7.9,54.0
334,92.0,98.0,22.684,8.2,1543.0
335,88.0,95.0,3.53,6.8,14.0
337,75.0,100.0,2.663,6.5,2.0
338,76.0,98.0,6.022,7.1,85.0
339,69.0,100.0,5.797,7.8,17.0
340,99.0,85.0,19.638,8.0,1499.0
342,90.0,100.0,1.839,6.7,6.0
345,66.0,91.0,13.886,0.0,0.0
346,89.0,95.0,52.87,7.4,5665.0
348,52.0,100.0,2.484,6.2,39.0
352,78.0,91.0,8.063,7.1,331.0
353,77.0,98.0,4.715,7.0,33.0
354,98.0,91.0,3641.782,7.9,2201.0
355,94.0,57.0,70.902,7.1,8155.0
356,83.0,100.0,2.249,7.1,7.0
357,74.0,93.0,7.163,6.6,140.0
360,99.0,100.0,9.703,8.6,205.0
361,80.0,97.0,9.373,7.3,95.0
362,91.0,97.0,12.012,7.1,867.0
363,51.0,97.0,2.461,6.9,39.0
364,72.0,96.0,10.054,7.1,1372.0
365,91.0,88.0,8.755,7.4,178.0
366,76.0,93.0,10.999,6.9,103.0
369,92.0,86.0,33.701,6.0,1.0
370,92.0,82.0,0.695,8.0,2.0
371,82.0,97.0,12.409,7.3,339.0
375,79.0,93.0,4.255,7.4,49.0
376,91.0,93.0,2.907,5.9,5.0
377,85.0,98.0,5.268,0.0,0.0
378,80.0,100.0,2.344,6.6,36.0
381,83.0,100.0,8.044,6.6,56.0
382,39.0,97.0,4.272,6.3,47.0
383,91.0,53.0,112.187,6.5,24.0
384,94.0,35.0,9.439,5.9,60.0
386,75.0,94.0,99.026,7.4,24.0
387,95.0,89.0,18.363,7.5,1339.0
388,88.0,100.0,2.586,8.0,2.0
389,50.0,97.0,2.472,5.8,12.0
392,80.0,100.0,6.709,7.1,130.0
393,83.0,93.0,2.161,7.3,12.0
394,94.0,98.0,2.454,6.5,11.0
397,80.0,96.0,8.938,7.3,213.0
399,81.0,96.0,2.843,6.0,12.0
400,60.0,91.0,6.743,6.2,111.0
401,55.0,91.0,66.445,6.2,358.0
402,77.0,94.0,12.458,7.1,535.0
403,86.0,94.0,4.373,0.0,0.0
404,69.0,91.0,8.752,4.9,7.0
406,86.0,100.0,3.158,0.0,0.0
407,67.0,93.0,3.472,6.7,56.0
409,84.0,100.0,2.439,6.3,4.0
410,83.0,94.0,3.387,6.9,19.0
411,75.0,92.0,2.355,6.5,15.0
412,91.0,56.0,1.46,7.3,13.0
413,100.0,94.0,0.6,3.0,1.0
414,93.0,93.0,0.6,0.0,0.0
415,91.0,9.0,2.769,5.0,2.0
416,95.0,68.0,25.358,6.8,111.0
418,91.0,75.0,353.352,7.9,7195.0
419,71.0,91.0,2.497,6.2,5.0
420,85.0,100.0,2.768,7.3,12.0
421,89.0,98.0,78.818,7.9,17113.0
422,68.0,100.0,6.799,4.8,70.0
423,80.0,97.0,5.074,7.3,49.0
424,38.0,97.0,2.03,6.0,1.0
428,100.0,85.0,3.611,7.0,3.0
433,67.0,92.0,6.688,6.5,87.0
434,86.0,100.0,8.897,8.0,187.0
435,83.0,100.0,9.192,7.3,229.0
437,85.0,92.0,10.42,7.8,1061.0
439,97.0,98.0,3.985,8.0,23.0
440,93.0,85.0,5.024,7.6,19.0
441,92.0,98.0,72.573,7.7,13383.0
442,93.0,64.0,12.346,5.8,320.0
443,75.0,100.0,2.606,7.8,8.0
445,87.0,91.0,10.768,7.6,746.0
448,91.0,84.0,16.954,8.1,5498.0
449,94.0,77.0,5.809,0.0,0.0
450,76.0,100.0,7.294,7.1,143.0
451,89.0,94.0,8.156,7.2,44.0
453,90.0,100.0,1.975,7.5,5.0
454,93.0,100.0,3.103,6.6,14.0
455,91.0,69.0,6.287,6.7,37.0
456,67.0,98.0,2.732,6.0,2.0
459,53.0,96.0,7.074,5.3,27.0
460,69.0,96.0,1.694,6.0,2.0
461,78.0,94.0,8.16,7.0,247.0
462,82.0,91.0,5.027,6.5,104.0
463,95.0,97.0,17.873,7.5,826.0
464,79.0,96.0,102.447,7.4,18134.0
465,68.0,92.0,3.734,6.3,27.0
466,89.0,91.0,2.625,8.6,7.0
468,48.0,100.0,5.007,5.1,81.0
469,72.0,92.0,7.103,6.1,112.0
470,100.0,100.0,0.689,7.0,3.0
471,67.0,100.0,2.797,7.0,2.0
472,95.0,90.0,3.865,7.8,8.0
474,81.0,92.0,25.399,6.9,3492.0
477,89.0,97.0,3.832,6.8,16.0
480,75.0,92.0,7.334,0.0,0.0
481,81.0,99.0,2.758,7.1,19.0
482,75.0,92.0,3.775,7.9,7.0
485,70.0,99.0,6.373,6.8,181.0
486,57.0,98.0,3.961,6.4,10.0
487,86.0,95.0,5.092,6.3,11.0
488,92.0,97.0,15.905,8.3,1579.0
489,54.0,96.0,6.29,6.5,92.0
490,85.0,92.0,4.141,1.0,1.0
491,84.0,100.0,3.266,6.6,7.0
492,83.0,95.0,2.951,7.2,5.0
494,59.0,93.0,4.045,0.0,0.0
496,96.0,60.0,11.194,7.6,310.0
497,80.0,92.0,4.225,7.0,24.0
498,78.0,92.0,32.588,6.8,1284.0
499,55.0,95.0,1.4,0.0,0.0
501,68.0,98.0,3.664,7.6,13.0
502,67.0,92.0,6.412,6.5,168.0
503,98.0,75.0,20.654,6.4,13.0
504,46.0,95.0,1.96,6.3,17.0
506,92.0,96.0,3.547,9.0,6.0
508,77.0,92.0,16.982,6.9,659.0
509,99.0,89.0,4.166,7.7,21.0
510,93.0,88.0,1155.624,8.3,12.0
512,50.0,96.0,4.21,5.9,69.0
513,78.0,96.0,3.415,7.7,14.0
515,86.0,98.0,26.527,7.4,878.0
516,77.0,91.0,6.586,6.9,55.0
517,71.0,92.0,3.269,6.3,40.0
518,65.0,95.0,3.242,6.5,36.0
519,95.0,94.0,8.13,7.8,12.0
520,86.0,93.0,9.724,6.9,728.0
522,62.0,94.0,6.518,6.4,70.0
523,75.0,98.0,4.708,7.5,45.0
524,91.0,97.0,2.456,7.3,29.0
525,100.0,92.0,2.899,6.7,7.0
526,94.0,63.0,375.68,7.4,298.0
528,69.0,99.0,4.593,7.0,57.0
529,96.0,45.0,18.585,8.4,916.0
530,69.0,93.0,3.25,6.6,22.0
531,93.0,51.0,22.954,6.7,570.0
532,83.0,95.0,4.742,7.2,32.0
534,94.0,80.0,31.265,8.1,6711.0
535,99.0,33.0,2.813,6.5,2.0
538,87.0,100.0,1.947,7.1,6.0
539,100.0,64.0,2.379,7.5,39.0
541,64.0,91.0,2.737,5.0,24.0
542,87.0,92.0,22.33,7.6,2906.0
543,87.0,100.0,3.151,5.9,13.0
548,68.0,96.0,2.598,3.8,14.0
550,78.0,100.0,4.087,6.9,44.0
553,60.0,92.0,6.332,6.5,261.0
556,95.0,92.0,1.871,7.1,7.0
557,100.0,100.0,3.352,7.1,7.0
558,68.0,100.0,3.047,6.0,11.0
559,93.0,93.0,16.406,8.1,7612.0
562,82.0,96.0,5.049,4.0,2.0
563,73.0,95.0,3.955,6.2,41.0
564,74.0,92.0,12.506,6.7,776.0
566,90.0,99.0,75.787,8.5,12461.0
567,98.0,100.0,4.019,8.3,16.0
568,86.0,94.0,115.446,8.3,9605.0
570,80.0,100.0,2.741,4.3,13.0
573,61.0,97.0,4.333,6.3,48.0
574,89.0,97.0,35.615,8.1,410.0
575,92.0,83.0,3.467,7.4,8.0
576,83.0,94.0,29.89,7.2,3311.0
577,92.0,8.0,2354.466,5.6,12.0
578,92.0,91.0,222.986,7.7,3310.0
579,81.0,96.0,2.22,7.4,4.0
580,60.0,95.0,46.77,6.4,240.0
583,91.0,88.0,2.192,6.3,3.0
584,87.0,95.0,5.883,6.7,44.0
585,100.0,69.0,24.239,6.7,707.0
586,91.0,100.0,9.721,7.8,129.0
587,56.0,92.0,6.561,5.9,91.0
590,87.0,92.0,4.162,6.7,35.0
593,81.0,95.0,3.09,7.2,18.0
594,97.0,100.0,8.548,0.0,0.0
595,95.0,91.0,8.488,7.7,98.0
596,82.0,97.0,2.734,6.3,15.0
597,93.0,97.0,174.121,8.4,10146.0
599,84.0,91.0,6.131,7.2,71.0
600,57.0,100.0,1.561,6.8,5.0
601,89.0,98.0,47.999,7.6,10.0
602,93.0,13.0,332.364,7.3,4274.0
603,91.0,89.0,14.402,7.0,423.0
604,91.0,77.0,27.895,8.3,8393.0
605,86.0,92.0,6.881,7.6,105.0
606,81.0,98.0,15.908,6.8,991.0
608,91.0,91.0,52.459,7.7,16260.0
612,76.0,91.0,19.402,7.1,2820.0
614,70.0,93.0,17.082,7.6,4152.0
615,73.0,96.0,2.042,6.3,3.0
616,53.0,94.0,5.407,7.0,10.0
618,95.0,100.0,4.144,6.5,40.0
619,70.0,98.0,1.241,5.0,12.0
620,64.0,94.0,1.549,7.0,1.0
622,96.0,95.0,14.544,7.4,883.0
624,59.0,100.0,5.476,6.9,55.0
626,91.0,84.0,163.301,8.2,10151.0
627,94.0,58.0,2960.577,7.5,525.0
628,75.0,96.0,4.723,6.6,60.0
629,66.0,93.0,16.662,6.6,683.0
631,99.0,71.0,1.593,7.0,4.0
633,67.0,100.0,1.003,0.0,0.0
634,75.0,93.0,1.516,7.7,7.0
636,95.0,86.0,168.832,7.2,31.0
638,86.0,100.0,8.723,5.9,31.0
640,87.0,91.0,18.126,7.2,5673.0
641,88.0,93.0,0.95,6.0,11.0
642,62.0,92.0,3.581,7.0,6.0
643,88.0,100.0,5.221,6.8,23.0
644,93.0,93.0,3.143,8.0,6.0
645,77.0,97.0,8.368,7.0,231.0
646,83.0,100.0,3.053,6.6,5.0
653,87.0,92.0,7.698,6.8,228.0
654,76.0,95.0,3.561,6.7,26.0
655,45.0,93.0,10.186,7.8,16.0
656,67.0,100.0,1.073,6.7,11.0
657,93.0,64.0,130.563,7.4,7245.0
659,67.0,93.0,2.63,6.3,19.0
660,67.0,96.0,13.275,7.2,295.0
661,86.0,94.0,3.055,7.3,4.0
662,79.0,98.0,20.491,7.4,5834.0
663,93.0,93.0,48.089,8.1,7313.0
664,61.0,91.0,21.121,6.5,1785.0
665,94.0,34.0,14.072,6.6,1280.0
666,84.0,93.0,4.131,7.0,56.0
667,91.0,78.0,3.585,5.3,8.0
668,86.0,97.0,59.999,7.5,18614.0
669,82.0,96.0,0.6,5.3,4.0
670,89.0,100.0,6.018,6.7,233.0
671,83.0,96.0,7.905,7.4,131.0
672,94.0,100.0,9.882,7.4,110.0
673,83.0,95.0,1.11,8.0,10.0
674,92.0,85.0,5.992,0.0,0.0
675,75.0,100.0,3.021,0.0,0.0
677,82.0,100.0,2.613,6.7,6.0
679,89.0,91.0,14.235,0.0,0.0
680,91.0,98.0,1.4,0.0,0.0
683,85.0,98.0,10.383,7.3,106.0
684,35.0,92.0,3.562,5.8,9.0
685,36.0,93.0,2.531,5.1,14.0
686,100.0,81.0,7.384,7.6,380.0
690,91.0,96.0,12.56,7.5,1362.0
691,87.0,97.0,12.473,7.3,2616.0
698,94.0,97.0,393.975,8.2,14784.0
701,39.0,92.0,5.594,5.5,88.0
702,95.0,86.0,2.945,5.7,17.0
703,80.0,100.0,2.18,5.8,10.0
704,40.0,95.0,2.575,6.0,1.0
705,54.0,99.0,11.506,7.3,306.0
706,57.0,92.0,0.743,7.3,11.0
709,93.0,97.0,5.576,6.8,39.0
711,81.0,91.0,1.302,6.0,1.0
712,65.0,95.0,9.043,6.5,142.0
714,94.0,60.0,3.275,6.4,9.0
715,25.0,93.0,12.809,6.5,267.0
717,94.0,84.0,15.059,0.0,0.0
718,100.0,80.0,0.852,6.3,6.0
719,68.0,94.0,7.121,6.4,119.0
720,88.0,98.0,15.82,7.4,1920.0
721,84.0,95.0,4.03,7.0,52.0
722,56.0,94.0,8.89,6.3,83.0
723,98.0,90.0,303.072,8.5,817.0
724,81.0,98.0,8.939,6.9,26.0
725,85.0,97.0,3.481,7.3,16.0
727,98.0,100.0,3.68,6.2,5.0
731,58.0,94.0,2.588,6.2,23.0
734,76.0,96.0,9.725,7.0,461.0
735,92.0,94.0,0.991,7.1,8.0
737,92.0,97.0,48.139,7.9,8008.0
738,63.0,92.0,1.472,6.6,13.0
739,77.0,91.0,8.539,6.6,541.0
740,98.0,17.0,0.781,6.0,5.0
741,47.0,94.0,10.931,5.3,86.0
742,64.0,100.0,2.868,6.6,11.0
744,86.0,97.0,5.772,0.0,0.0
746,52.0,91.0,14.184,5.7,170.0
748,95.0,60.0,3.634,7.2,37.0
749,56.0,91.0,4.733,5.9,51.0
753,69.0,100.0,5.64,6.1,48.0
754,63.0,100.0,3.16,7.0,37.0
755,56.0,100.0,6.544,4.6,4.0
756,96.0,94.0,5.429,7.0,44.0
759,71.0,93.0,1.912,6.8,11.0
760,80.0,100.0,16.542,6.8,855.0
764,74.0,100.0,2.187,6.7,19.0
765,99.0,80.0,8.156,7.2,44.0
767,93.0,97.0,3.616,7.2,5.0
768,95.0,80.0,73.353,9.3,4.0
770,83.0,100.0,4.464,6.3,18.0
771,100.0,84.0,6.743,6.8,61.0
774,78.0,96.0,20.975,7.5,4617.0
775,96.0,30.0,2.843,4.7,16.0
776,88.0,97.0,4.813,7.0,46.0
777,82.0,94.0,7.016,7.2,71.0
782,98.0,53.0,5.272,6.2,18.0
783,85.0,95.0,22.404,7.8,5249.0
784,80.0,96.0,14.674,7.4,2053.0
785,52.0,100.0,10.912,5.8,62.0
787,78.0,92.0,1.229,5.8,10.0
788,67.0,100.0,1.043,7.0,5.0
791,66.0,95.0,6.553,6.2,37.0
795,84.0,95.0,12.913,8.2,138.0
797,81.0,94.0,5.805,7.1,98.0
798,87.0,95.0,20.811,7.6,972.0
800,91.0,58.0,6.083,7.8,74.0
801,74.0,92.0,8.8,6.8,256.0
802,91.0,100.0,5.25,7.2,49.0
803,92.0,89.0,12.859,7.4,97.0
804,84.0,93.0,10.72,7.9,779.0
806,38.0,93.0,1.253,5.9,7.0
808,87.0,100.0,7.822,7.7,427.0
809,92.0,81.0,12.236,6.2,45.0
810,83.0,96.0,15.773,7.6,6000.0
812,75.0,92.0,6.14,6.5,105.0
815,58.0,94.0,4.882,7.1,15.0
816,77.0,98.0,8.689,6.4,136.0
817,95.0,72.0,15.113,6.8,783.0
820,60.0,93.0,2.829,4.3,7.0
821,83.0,98.0,3.671,7.1,22.0
823,72.0,92.0,46.979,7.3,10161.0
824,82.0,93.0,2.42,7.9,29.0
826,90.0,99.0,15.878,7.9,445.0
827,85.0,100.0,2.977,6.6,8.0
829,69.0,95.0,3.579,7.4,13.0
830,97.0,63.0,2.714,8.0,1.0
831,74.0,91.0,19.473,6.8,1517.0
832,79.0,94.0,11.147,0.0,0.0
834,94.0,93.0,4.24,7.1,18.0
836,94.0,89.0,14.736,8.0,354.0
838,47.0,100.0,2.738,5.1,18.0
839,91.0,54.0,9.625,7.4,122.0
840,77.0,100.0,1.062,0.0,0.0
841,75.0,96.0,2.904,7.1,39.0
842,67.0,94.0,8.052,6.4,176.0
843,83.0,95.0,32.954,7.2,124.0
844,85.0,96.0,7.444,7.4,206.0
846,93.0,75.0,10.508,7.2,25.0
847,89.0,93.0,11.831,7.5,76.0
849,78.0,96.0,12.597,7.0,73.0
851,84.0,95.0,2.458,7.4,18.0
852,67.0,95.0,2.555,7.1,38.0
854,85.0,99.0,5.646,6.8,26.0
855,71.0,100.0,4.461,7.2,66.0
856,96.0,57.0,12.826,7.2,56.0
857,98.0,72.0,100.172,0.0,0.0
858,80.0,94.0,9.6,6.8,208.0
861,80.0,91.0,2.45,5.4,8.0
862,80.0,94.0,2.368,10.0,1.0
864,58.0,92.0,4.032,5.9,30.0
865,100.0,94.0,1.943,7.8,20.0
867,75.0,91.0,2.883,6.4,29.0
868,79.0,94.0,14.642,7.0,1330.0
869,71.0,100.0,3.462,6.1,27.0
870,81.0,96.0,11.867,6.7,36.0
871,43.0,100.0,5.332,5.6,142.0
872,73.0,92.0,5.563,6.4,116.0
876,68.0,94.0,2.956,6.6,12.0
877,79.0,99.0,8.282,7.6,91.0
882,65.0,92.0,5.761,7.1,93.0
883,60.0,100.0,4.184,6.9,22.0
888,86.0,100.0,0.662,0.0,0.0
889,46.0,92.0,6.423,5.9,61.0
891,93.0,100.0,4.079,7.3,32.0
892,95.0,11.0,36.147,8.8,6.0
893,59.0,100.0,23.012,6.3,31.0
896,77.0,95.0,6.415,6.9,144.0
897,60.0,96.0,16.413,6.1,417.0
898,70.0,93.0,7.036,6.9,91.0
899,97.0,100.0,2.781,6.9,7.0
900,83.0,95.0,11.807,7.4,563.0
901,80.0,95.0,13.75,7.4,1037.0
902,81.0,95.0,12.031,7.2,329.0
903,85.0,97.0,3.241,6.8,14.0
904,100.0,67.0,3.115,8.0,4.0
905,86.0,92.0,26.475,7.6,10829.0
906,80.0,100.0,0.6,7.4,5.0
910,86.0,91.0,5.965,6.7,20.0
911,80.0,91.0,1.428,8.0,1.0
912,76.0,93.0,3.428,8.2,6.0
914,73.0,96.0,12.144,7.2,400.0
915,91.0,100.0,3.539,7.8,25.0
916,100.0,100.0,2.586,0.0,0.0
917,90.0,95.0,9.359,7.3,58.0
918,74.0,92.0,10.37,7.1,191.0
919,96.0,95.0,28.844,8.3,2617.0
920,41.0,96.0,6.437,4.0,2.0
921,76.0,94.0,2.532,6.9,37.0
923,88.0,91.0,2.605,7.3,12.0
924,89.0,100.0,3.843,7.7,18.0
925,88.0,97.0,12.783,7.8,1117.0
927,87.0,97.0,17.423,7.5,1014.0
928,66.0,91.0,4.999,6.7,120.0
930,71.0,95.0,1.668,0.0,0.0
933,88.0,92.0,35.982,8.1,5156.0
934,69.0,93.0,3.543,7.1,41.0
936,42.0,91.0,53.115,6.9,12394.0
937,97.0,88.0,5.452,7.1,36.0
938,60.0,95.0,2.925,6.8,5.0
939,88.0,95.0,15.169,7.9,560.0
942,90.0,100.0,3.842,7.8,39.0
945,74.0,91.0,2.672,7.0,9.0
947,84.0,97.0,23.144,6.7,354.0
949,52.0,91.0,23.575,7.1,3290.0
950,78.0,100.0,2.774,5.5,3.0
951,99.0,60.0,2.815,7.0,4.0
952,60.0,93.0,2.972,7.1,15.0
954,73.0,91.0,12.518,6.6,1444.0
955,100.0,94.0,6.927,7.8,44.0
956,84.0,94.0,7.403,7.4,174.0
957,98.0,96.0,7.586,7.2,19.0
960,61.0,95.0,12.62,6.2,314.0
961,98.0,99.0,24.212,8.5,610.0
963,89.0,100.0,0.6,6.0,1.0
966,58.0,91.0,2.169,0.0,0.0
969,86.0,98.0,43.424,7.6,13434.0
971,58.0,100.0,4.578,6.2,35.0
972,45.0,91.0,2.162,6.6,17.0
975,80.0,96.0,6.404,7.4,19.0
976,85.0,99.0,8.638,0.0,0.0
979,91.0,96.0,28.204,8.3,2472.0
980,88.0,96.0,12.36,7.4,486.0
983,53.0,91.0,5.7,5.6,168.0
986,86.0,95.0,24.228,7.7,5021.0
988,75.0,98.0,2.798,5.4,14.0
991,65.0,93.0,2.626,0.0,0.0
992,46.0,94.0,4.165,5.6,43.0
993,56.0,100.0,2.703,5.1,11.0
994,83.0,99.0,8.935,7.8,352.0
997,71.0,95.0,10.041,7.0,873.0
998,67.0,97.0,3.491,6.9,17.0
999,92.0,77.0,140.404,7.3,7748.0
1000,95.0,67.0,5.138,7.0,30.0
1001,85.0,95.0,7.364,7.0,75.0
1002,86.0,94.0,7.732,7.3,298.0
1003,42.0,95.0,2.253,6.4,9.0
1005,73.0,96.0,2.301,6.7,3.0
1007,92.0,90.0,5.596,6.9,24.0
1008,88.0,95.0,3.12,7.8,4.0
1009,84.0,94.0,54.724,7.1,7016.0
1010,95.0,85.0,28.861,7.2,168.0
1012,100.0,88.0,3.424,6.3,8.0
1013,88.0,100.0,2.744,0.0,0.0
1014,92.0,83.0,16.096,7.2,469.0
1015,75.0,99.0,4.093,6.6,37.0
1016,99.0,83.0,13.38,7.3,90.0
1018,84.0,95.0,3.016,7.6,8.0
1020,70.0,96.0,4.09,5.7,27.0
1021,80.0,100.0,6.51,0.0,0.0
1022,84.0,100.0,3.924,6.8,9.0
1023,91.0,87.0,22.355,7.3,1123.0
1025,80.0,91.0,2.515,7.2,10.0
1028,84.0,94.0,3.659,7.2,39.0
1029,94.0,97.0,17.121,7.5,375.0
1030,70.0,92.0,5.427,6.5,89.0
1031,50.0,96.0,3.281,6.4,24.0
1034,27.0,91.0,2.006,7.0,7.0
1037,78.0,97.0,9.028,7.5,377.0
1038,57.0,99.0,3.99,6.9,20.0
1040,53.0,91.0,2.931,8.0,1.0
1041,91.0,97.0,2.376,0.0,0.0
1042,88.0,97.0,9.88,0.0,0.0
1046,85.0,92.0,48.921,7.4,6492.0
1047,95.0,65.0,4.513,7.0,22.0
1048,84.0,98.0,4.245,7.4,22.0
1050,67.0,94.0,1.422,6.8,15.0
1053,81.0,98.0,2.314,7.3,16.0
1057,71.0,100.0,4.542,7.6,40.0
1058,55.0,93.0,1.4,7.5,4.0
1060,80.0,91.0,3.277,4.8,15.0
1061,76.0,100.0,2.877,7.3,13.0
1062,75.0,91.0,4.214,6.9,19.0
1063,64.0,100.0,5.523,6.2,17.0
1064,68.0,94.0,3.165,0.0,0.0
1066,86.0,98.0,5.064,8.5,49.0
1067,91.0,99.0,14.997,7.8,383.0
1068,64.0,93.0,5.198,6.5,57.0
1070,84.0,96.0,9.023,7.6,443.0
1072,68.0,93.0,8.048,6.7,36.0
1074,61.0,96.0,4.142,7.1,34.0
1075,63.0,92.0,5.567,6.4,17.0
1076,96.0,10.0,2.606,7.0,4.0
1078,89.0,93.0,5.206,8.1,14.0
1079,80.0,95.0,6.877,6.7,96.0
1081,96.0,69.0,258.846,0.0,0.0
1082,76.0,94.0,30.49,6.0,1.0
1083,89.0,94.0,38.098,7.4,2655.0
1084,82.0,93.0,5.432,7.4,70.0
1086,63.0,94.0,4.504,6.0,61.0
1087,100.0,67.0,18.33,5.3,86.0
1089,92.0,96.0,7.948,2.0,1.0
1090,93.0,39.0,32.901,6.5,2541.0
1091,54.0,98.0,5.609,6.1,14.0
1092,60.0,100.0,6.604,5.1,77.0
1093,92.0,50.0,0.632,2.0,1.0
1094,83.0,92.0,1.4,0.0,0.0
1095,100.0,36.0,9.694,8.2,6.0
1096,89.0,94.0,80.32,7.8,5203.0
1098,74.0,95.0,9.976,7.0,273.0
1100,49.0,100.0,10.794,6.2,332.0
1101,74.0,100.0,4.726,6.7,51.0
1103,88.0,91.0,7.124,7.6,44.0
1104,89.0,99.0,12.21,7.8,977.0
1106,91.0,51.0,43.521,8.1,1016.0
1107,82.0,92.0,6.582,7.3,99.0
1108,88.0,99.0,27.354,7.5,1547.0
1109,81.0,100.0,2.808,7.1,21.0
1110,95.0,100.0,8.326,8.1,220.0
1111,79.0,91.0,21.168,7.1,6136.0
1113,96.0,34.0,5.641,0.0,0.0
1116,85.0,96.0,10.423,7.1,98.0
1117,82.0,98.0,4.78,7.0,48.0
1118,55.0,91.0,9.479,6.0,346.0
1120,99.0,70.0,9.719,7.3,222.0
1121,85.0,93.0,7.843,7.4,117.0
1123,91.0,94.0,36.633,7.3,63.0
1124,88.0,100.0,3.365,0.0,0.0
1127,96.0,100.0,21.686,10.0,2.0
1132,95.0,39.0,9.907,0.0,0.0
1135,46.0,94.0,3.554,6.3,9.0
1136,85.0,100.0,2.591,7.4,21.0
1137,77.0,94.0,12.569,6.8,152.0
1140,90.0,95.0,3.242,9.0,1.0
1141,79.0,100.0,8.558,7.2,86.0
1143,81.0,91.0,7.862,8.0,1.0
1144,46.0,92.0,7.419,5.5,18.0
1145,94.0,80.0,1480.265,7.8,3575.0
1146,82.0,94.0,3.744,7.0,51.0
1147,71.0,91.0,17.592,7.3,2721.0
1149,90.0,94.0,64.872,7.8,16202.0
1150,77.0,96.0,1.903,6.8,6.0
1151,70.0,91.0,27.026,7.5,313.0
1152,59.0,92.0,16.29,6.7,23.0
1153,84.0,92.0,29.803,7.6,2254.0
1154,78.0,94.0,2.878,6.6,24.0
1155,82.0,99.0,17.373,7.3,1138.0
1156,100.0,82.0,15.702,0.0,0.0
1158,97.0,58.0,1.892,6.0,3.0
1159,67.0,100.0,3.207,7.6,13.0
1161,98.0,92.0,47.715,8.0,5194.0
1162,94.0,91.0,5.518,6.9,13.0
1163,83.0,100.0,2.608,8.0,4.0
1164,78.0,96.0,3.174,6.8,14.0
1165,94.0,84.0,14.161,7.1,759.0
1166,92.0,85.0,295.821,8.3,23058.0
1167,98.0,88.0,21.043,8.0,236.0
1169,92.0,91.0,15.827,7.6,1335.0
1170,92.0,62.0,2.797,6.0,2.0
1173,79.0,100.0,1.991,7.2,5.0
1174,73.0,97.0,2.663,8.3,4.0
1175,70.0,91.0,3.79,7.3,7.0
1177,92.0,31.0,3.706,7.6,55.0
1178,67.0,93.0,9.051,7.0,134.0
1180,50.0,95.0,5.487,6.7,34.0
1182,71.0,96.0,6.442,6.6,128.0
1183,50.0,92.0,2.324,6.9,7.0
1186,96.0,9.0,3.939,4.7,16.0
1188,76.0,94.0,7.132,8.1,114.0
1189,100.0,0.0,1.962,3.5,2.0
1190,93.0,100.0,4.66,7.7,35.0
1191,62.0,100.0,1.667,6.3,4.0
1194,50.0,93.0,3.265,4.0,1.0
1195,82.0,95.0,11.542,7.1,1224.0
1196,67.0,100.0,3.581,6.5,4.0
1197,92.0,94.0,4.289,6.3,21.0
1199,65.0,92.0,5.45,6.6,56.0
1200,76.0,97.0,3.214,7.1,21.0
1201,79.0,91.0,52.285,7.2,524.0
1202,75.0,94.0,3.247,5.8,20.0
1203,90.0,94.0,200.924,8.3,19466.0
1205,71.0,97.0,6.972,6.9,65.0
1206,93.0,93.0,1.577,7.2,7.0
1208,75.0,100.0,4.168,6.9,40.0
1209,68.0,100.0,4.801,7.3,42.0
1210,88.0,97.0,38.781,7.4,6223.0
1211,40.0,96.0,4.203,6.2,37.0
1214,83.0,93.0,75.103,7.3,17053.0
1215,47.0,91.0,14.286,5.9,225.0
1218,75.0,92.0,22.391,6.8,2063.0
1219,97.0,74.0,20.512,7.3,522.0
1220,94.0,35.0,4.967,6.8,12.0
1221,78.0,95.0,32.823,6.8,5076.0
1222,84.0,94.0,39.743,7.1,10192.0
1225,86.0,94.0,7.379,7.1,7.0
1227,85.0,96.0,2.921,7.6,31.0
1229,67.0,100.0,4.817,6.2,68.0
1230,62.0,92.0,1.812,0.0,0.0
1231,71.0,99.0,6.65,6.5,238.0
1232,86.0,96.0,2.693,0.0,0.0
1234,74.0,96.0,2.463,6.6,11.0
1237,95.0,39.0,97.089,7.4,4736.0
1239,78.0,93.0,2.457,7.4,5.0
1241,52.0,91.0,8.473,5.8,196.0
1242,93.0,91.0,2782.527,7.4,297.0
1244,87.0,98.0,11.436,7.3,1201.0
1245,53.0,100.0,2.224,5.7,33.0
1249,81.0,92.0,19.355,6.9,657.0
1250,95.0,100.0,2.926,6.7,3.0
1253,71.0,93.0,3.376,6.8,14.0
1254,66.0,93.0,19.389,6.8,329.0
1256,74.0,100.0,0.688,10.0,3.0
1257,70.0,93.0,14.65,6.8,1034.0
1263,79.0,100.0,5.078,7.0,28.0
1265,63.0,97.0,7.643,6.6,114.0
1266,88.0,95.0,3.255,5.8,17.0
1268,60.0,94.0,2.289,0.0,0.0
1271,74.0,91.0,8.464,7.0,137.0
1272,82.0,100.0,9.466,7.3,381.0
1273,93.0,98.0,13.958,8.0,916.0
1274,92.0,95.0,13.689,7.2,429.0
1276,66.0,96.0,6.027,6.3,230.0
1278,62.0,91.0,3.458,6.7,24.0
1280,91.0,96.0,13.743,8.2,574.0
1281,64.0,96.0,3.142,7.3,15.0
1283,79.0,99.0,6.398,7.7,96.0
1284,97.0,63.0,4.739,8.4,50.0
1285,72.0,93.0,8.754,6.4,895.0
1286,83.0,91.0,8.139,7.3,82.0
1287,92.0,100.0,0.92,7.0,8.0
1288,84.0,92.0,21.119,5.4,208.0
1290,97.0,43.0,3.258,6.3,11.0
1291,82.0,100.0,5.003,6.4,12.0
1292,85.0,93.0,4.33,7.3,39.0
1294,92.0,60.0,3.356,3.0,6.0
1296,81.0,100.0,5.384,0.0,0.0
1299,78.0,93.0,6.782,7.6,231.0
1300,71.0,98.0,3.171,0.0,0.0
1301,75.0,94.0,4.221,7.5,76.0
1302,52.0,92.0,21.431,6.0,446.0
1304,84.0,98.0,3.569,5.0,1.0
1305,73.0,98.0,3.654,6.6,46.0
1306,97.0,50.0,2.936,6.1,9.0
1307,67.0,100.0,0.879,4.0,1.0
1309,82.0,100.0,8.213,7.5,121.0
1310,82.0,92.0,1.834,5.7,6.0
1311,74.0,91.0,51.041,6.7,4667.0
1313,100.0,79.0,17.03,7.5,498.0
1316,44.0,92.0,7.518,0.0,0.0
1317,99.0,100.0,28.25,8.8,143.0
1318,72.0,92.0,4.987,7.1,49.0
1319,86.0,91.0,643.727,8.0,5045.0
1320,78.0,96.0,1.387,7.9,7.0
1321,90.0,97.0,17.635,7.8,1564.0
1322,71.0,93.0,3.728,6.4,43.0
1323,94.0,77.0,287.704,7.6,2625.0
1324,74.0,98.0,5.141,6.1,22.0
1325,99.0,96.0,6.049,10.0,1.0
1326,69.0,95.0,2.391,6.4,19.0
1328,88.0,92.0,3.726,5.9,28.0
1329,91.0,85.0,353.588,7.1,11.0
1330,52.0,94.0,6.263,0.0,0.0
1331,79.0,100.0,1.838,0.0,0.0
1334,64.0,91.0,8.99,6.1,162.0
1338,76.0,91.0,5.835,6.1,48.0
1339,76.0,100.0,3.503,7.0,13.0
1340,91.0,88.0,4.724,8.2,105.0
1341,94.0,97.0,126.292,7.6,7473.0
1343,69.0,96.0,6.2,6.6,149.0
1345,98.0,49.0,22.735,7.7,917.0
1346,95.0,56.0,4.544,6.8,22.0
1347,68.0,97.0,4.193,7.4,20.0
1349,80.0,100.0,1.819,0.0,0.0
1350,75.0,95.0,7.734,6.9,290.0
1351,43.0,97.0,3.374,6.7,13.0
1353,85.0,91.0,14.267,7.1,2913.0
1354,82.0,95.0,4.946,6.0,1.0
1355,86.0,95.0,7.005,7.3,104.0
1356,81.0,97.0,3.559,5.4,28.0
1357,79.0,94.0,12.208,0.0,0.0
1359,100.0,67.0,0.661,7.0,2.0
1361,40.0,100.0,2.682,0.0,0.0
1362,98.0,56.0,65.509,7.8,151.0
1363,60.0,98.0,98.091,5.6,7.0
1365,62.0,100.0,3.34,6.8,6.0
1366,97.0,75.0,497.209,8.3,5913.0
1369,52.0,92.0,20.338,5.9,240.0
1371,58.0,94.0,3.674,6.3,45.0
1372,79.0,97.0,5.938,7.1,35.0
1373,88.0,97.0,2.936,6.1,9.0
1374,74.0,94.0,16.312,7.5,2949.0
1375,33.0,100.0,7.16,6.1,67.0
1376,87.0,95.0,11.415,7.1,312.0
1377,90.0,97.0,8.057,8.1,563.0
1378,83.0,94.0,2.129,6.4,41.0
1379,80.0,91.0,0.6,0.0,0.0
1381,88.0,95.0,7.138,7.6,116.0
1382,60.0,93.0,4.841,4.3,3.0
1383,86.0,92.0,4.484,7.4,15.0
1384,57.0,100.0,1.945,6.8,22.0
1387,91.0,67.0,31.944,7.6,340.0
1388,55.0,95.0,6.179,6.0,42.0
1390,87.0,92.0,260.056,7.4,17092.0
1391,60.0,93.0,1.854,6.8,21.0
1395,71.0,100.0,4.134,5.6,7.0
1396,96.0,10.0,3.603,5.3,33.0
1397,76.0,96.0,3.564,4.7,32.0
1398,93.0,88.0,725.091,6.6,254.0
1399,73.0,93.0,1.906,6.4,9.0
1400,54.0,100.0,3.849,8.2,74.0
1401,87.0,98.0,17.63,7.8,645.0
1406,69.0,97.0,1.982,0.0,0.0
1408,96.0,88.0,5.874,7.6,37.0
1409,96.0,75.0,6.771,7.1,72.0
1410,95.0,82.0,39.245,7.6,1522.0
1411,82.0,100.0,2.56,6.5,15.0
1412,72.0,100.0,4.491,6.1,8.0
1413,80.0,99.0,6.414,7.5,55.0
1415,91.0,100.0,2.849,0.0,0.0
1416,82.0,95.0,7.296,6.4,100.0
1418,82.0,94.0,1.218,6.0,4.0
1420,62.0,93.0,8.473,6.4,1091.0
1426,87.0,94.0,14.095,7.4,474.0
1428,91.0,94.0,51.276,8.3,269.0
1430,83.0,100.0,5.982,8.1,53.0
1431,67.0,94.0,0.6,8.0,1.0
1433,97.0,90.0,30.109,8.1,20.0
1434,85.0,93.0,59.459,7.3,16331.0
1435,54.0,94.0,4.95,6.1,83.0
1436,72.0,93.0,3.218,6.7,9.0
1440,98.0,98.0,4.086,6.8,10.0
1441,53.0,92.0,2.92,6.0,8.0
1443,71.0,95.0,0.769,6.6,5.0
1445,98.0,47.0,3.21,7.2,9.0
1446,75.0,92.0,2.21,9.0,5.0
1447,54.0,92.0,6.196,6.2,89.0
1448,96.0,66.0,2.875,6.5,13.0
1450,40.0,100.0,0.951,6.0,8.0
1452,92.0,23.0,8.191,6.1,17.0
1453,90.0,100.0,3.973,6.7,12.0
1454,74.0,92.0,8.647,6.7,190.0
1457,97.0,97.0,37.818,8.4,186.0
1459,75.0,98.0,2.143,7.6,7.0
1461,76.0,100.0,4.596,8.3,3.0
1462,95.0,88.0,53.151,7.8,4635.0
1463,97.0,63.0,49.745,7.3,118.0
1466,96.0,92.0,2.4,9.0,1.0
1467,77.0,94.0,7.36,7.3,131.0
1469,96.0,100.0,3.589,6.8,15.0
1470,58.0,96.0,2.865,6.3,16.0
1471,97.0,80.0,576.463,7.7,669.0
1473,77.0,96.0,26.929,7.1,1890.0
1476,100.0,100.0,3.032,6.5,16.0
1477,94.0,84.0,174.633,8.3,3644.0
1478,95.0,71.0,1.696,0.0,0.0
1479,71.0,94.0,5.035,6.6,75.0
1480,56.0,100.0,5.228,6.3,73.0
1481,97.0,96.0,2.778,7.0,5.0
1484,56.0,91.0,2.628,6.6,18.0
1488,93.0,47.0,19.6,6.4,17.0
1489,84.0,92.0,7.607,7.7,141.0
1490,88.0,93.0,1.911,6.3,4.0
1492,71.0,97.0,2.698,7.2,9.0
1495,94.0,86.0,2.73,7.9,12.0
1496,70.0,95.0,4.184,7.1,52.0
1497,100.0,89.0,3.193,10.0,1.0
1498,67.0,98.0,3.504,6.3,14.0
1499,88.0,92.0,2.666,7.5,44.0
1500,94.0,97.0,8.118,8.2,397.0
1501,92.0,62.0,616.2,7.7,3154.0
1502,84.0,100.0,6.748,7.2,70.0
1505,95.0,100.0,2.782,9.0,5.0
1506,52.0,95.0,12.383,5.3,208.0
1510,89.0,99.0,1.733,0.0,0.0
1511,92.0,67.0,2.144,5.3,3.0
1513,86.0,95.0,2.201,0.0,0.0
1514,72.0,96.0,15.993,7.7,3239.0
1515,75.0,98.0,4.112,7.0,57.0
1517,84.0,92.0,0.968,0.0,0.0
1518,92.0,95.0,53.327,7.9,4237.0
1519,92.0,36.0,4173.995,6.8,1950.0
1520,82.0,93.0,30.631,7.3,1777.0
1521,81.0,99.0,21.403,7.0,1066.0
1523,80.0,98.0,0.6,0.0,0.0
1526,96.0,95.0,2.834,7.0,3.0
1527,86.0,97.0,55.429,7.7,2914.0
1530,71.0,95.0,5.574,0.0,0.0
1532,100.0,82.0,2.689,7.0,22.0
1535,93.0,97.0,3.718,6.7,26.0
1536,78.0,100.0,2.341,7.1,9.0
1537,83.0,96.0,3.98,7.2,35.0
1538,61.0,100.0,3.532,6.7,3.0
1539,93.0,98.0,53.816,7.8,335.0
1540,88.0,97.0,28.619,7.3,3510.0
1541,66.0,98.0,3.386,7.5,46.0
1544,89.0,97.0,4.472,7.3,32.0
1545,91.0,99.0,10.358,7.9,1433.0
1546,96.0,83.0,14.088,8.0,283.0
1549,11.0,99.0,8.192,7.4,129.0
1550,92.0,88.0,15.458,6.6,70.0
1551,57.0,100.0,1.356,6.0,29.0
1553,40.0,100.0,0.6,5.8,6.0
1554,79.0,100.0,4.556,7.4,31.0
1555,82.0,97.0,67.157,8.3,1648.0
1556,70.0,98.0,4.838,6.6,56.0
1557,73.0,96.0,3.45,6.7,66.0
1558,73.0,92.0,4.469,7.3,87.0
1559,71.0,95.0,6.613,6.8,87.0
1562,84.0,93.0,75.673,7.5,10403.0
1568,59.0,93.0,3.123,6.0,4.0
1569,85.0,100.0,2.837,6.9,12.0
1571,71.0,91.0,15.965,7.1,1352.0
1573,94.0,80.0,251.459,7.5,47.0
1574,77.0,98.0,5.716,7.6,106.0
1576,100.0,92.0,2.501,6.0,1.0
1577,97.0,87.0,7.828,7.5,52.0
1578,83.0,100.0,5.067,7.0,27.0
1579,100.0,98.0,0.84,0.0,0.0
1580,68.0,98.0,0.639,8.4,6.0
1582,72.0,97.0,15.227,6.7,788.0
1583,93.0,86.0,5.12,8.1,69.0
1584,93.0,98.0,7.03,7.0,55.0
1585,87.0,93.0,125.417,7.6,16704.0
1586,85.0,97.0,11.708,7.5,965.0
1588,55.0,91.0,10.161,6.4,199.0
1589,95.0,93.0,5.36,0.0,0.0
1591,99.0,85.0,4.586,7.2,25.0
1594,98.0,52.0,25.54,5.3,24.0
1595,89.0,95.0,25.97,7.6,9909.0
1596,93.0,17.0,2.476,4.3,4.0
1597,83.0,97.0,7.271,7.0,1.0
1598,90.0,97.0,4.507,7.3,18.0
1599,98.0,93.0,569.289,0.0,0.0
1600,33.0,92.0,0.6,0.0,0.0
1604,66.0,94.0,6.175,7.0,56.0
1606,98.0,89.0,2.5,7.4,10.0
1607,88.0,98.0,9.007,6.8,162.0
